{
	"routes": [{
			"path": "/sap/opu/odata",
			"target": {
				"type": "destination",
				"name": "CER_HANA_950",
				"entryPath": "/sap/opu/odata"
			},
			"description": "CER HANA"
		}, {
			"path": "/sap/public/bc/ui2/",
			"target": {
				"type": "destination",
				"name": "CER_HANA_950",
				"entryPath": "/sap/public/bc/ui2/"
			},
			"description": "CER HANA"
		}, {
			"path": "/sap/bc/ui2/",
			"target": {
				"type": "destination",
				"name": "CER_HANA_950",
				"entryPath": "/sap/bc/ui2/"
			},
			"description": "CER HANA"
		},

		{
			"path": "/sap/bc/ui5_ui5",
			"target": {
				"type": "destination",
				"name": "CER_HANA_950",
				"entryPath": "/sap/bc/ui5_ui5"
			},
			"description": "CER HANA"
		}, {
			"path": "/webapp/resources",
			"target": {
				"type": "service",
				"name": "sapui5",
				"entryPath": "/resources"
			},
			"description": "SAPUI5 Resources"
		}, {
			"path": "/webapp/test-resources",
			"target": {
				"type": "service",
				"name": "sapui5",
				"entryPath": "/test-resources"
			},
			"description": "SAPUI5 Test Resources"
		}, {
			"path": "/resources",
			"target": {
				"type": "service",
				"name": "sapui5",
				"entryPath": "/resources"
			},
			"description": "SAPUI5 Resources"
		}, {
			"path": "/test-resources",
			"target": {
				"type": "service",
				"name": "sapui5",
				"entryPath": "/test-resources"
			},
			"description": "SAPUI5 Test Resources"
		}
	],
	"welcomeFile": "/webapp/test/flpSandbox.html",
	"sendWelcomeFileRedirect": true
}